grid,pursuer_level,sampled_evader_policy,mean_win_rate,std_win_rate,total_episodes,n_seeds
8by8,0,I-NTMCP l=0,0.4725714563214563,0.13206306361475847,112,10
8by8,0,I-NTMCP l=1,0.4063094748388866,0.16406031639018384,129,10
8by8,0,random,0.9888888888888889,0.035136418446315335,105,10
8by8,0,shortest path,0.677936507936508,0.11910568836533295,154,10
8by8,1,I-NTMCP l=0,0.5261638361638361,0.08912288450241128,112,10
8by8,1,I-NTMCP l=1,0.4748232649703238,0.15292349310199013,129,10
8by8,1,random,0.7905540293040293,0.11623780130055597,105,10
8by8,1,shortest path,0.7110515873015874,0.10333456811397694,154,10
8by8,2,I-NTMCP l=0,0.5200617438117437,0.1707779202468591,112,10
8by8,2,I-NTMCP l=1,0.39651020548079374,0.11606166385955799,129,10
8by8,2,random,0.8441910866910867,0.13110145214728705,105,10
8by8,2,shortest path,0.753452380952381,0.15436412158587176,154,10
8by8,3,I-NTMCP l=0,0.507097347097347,0.14112477324318126,112,10
8by8,3,I-NTMCP l=1,0.5230536620242503,0.10855725641070763,129,10
8by8,3,random,0.7968956043956045,0.1307163887751678,105,10
8by8,3,shortest path,0.7441468253968254,0.08909990709497101,154,10
maze8,0,I-NTMCP l=0,0.4936484348984349,0.19552852730050357,112,10
maze8,0,I-NTMCP l=1,0.5871675873146461,0.16269554524469299,129,10
maze8,0,random,0.9625,0.06349516361479145,105,10
maze8,0,shortest path,0.7583134920634921,0.11601978644361,154,10
maze8,1,I-NTMCP l=0,0.7593767343767344,0.1081042202583666,112,10
maze8,1,I-NTMCP l=1,0.705055630643866,0.1724470619223728,129,10
maze8,1,random,0.9400198412698412,0.07274639533577963,105,10
maze8,1,shortest path,0.7863095238095238,0.12651495807015187,154,10
maze8,2,I-NTMCP l=0,0.6771853146853146,0.16814374364288087,112,10
maze8,2,I-NTMCP l=1,0.709489432136491,0.1022104195925236,129,10
maze8,2,random,0.9597222222222221,0.06627003928621052,105,10
maze8,2,shortest path,0.8011111111111111,0.08466534340903356,154,10
maze8,3,I-NTMCP l=0,0.7518216505716506,0.12462123041853314,112,10
maze8,3,I-NTMCP l=1,0.6629621359033123,0.13926376155307815,129,10
maze8,3,random,0.9293315018315018,0.07335774541205453,105,10
maze8,3,shortest path,0.7978373015873016,0.07838763453954484,154,10
open8,0,I-NTMCP l=0,0.8447155622155622,0.10652159690423312,112,10
open8,0,I-NTMCP l=1,0.7923188086423381,0.09883577952057465,129,10
open8,0,random,1.0,0.0,105,10
open8,0,shortest path,0.9219444444444445,0.07649347498105731,154,10
open8,1,I-NTMCP l=0,0.9585714285714285,0.05612183054699462,112,10
open8,1,I-NTMCP l=1,0.9702564102564104,0.07367501536848398,129,10
open8,1,random,1.0,0.0,105,10
open8,1,shortest path,0.958829365079365,0.045083437362639166,154,10
open8,2,I-NTMCP l=0,0.9486568986568986,0.09120008686908347,112,10
open8,2,I-NTMCP l=1,0.9372631290278349,0.0899116608345769,129,10
open8,2,random,1.0,0.0,105,10
open8,2,shortest path,0.9888888888888889,0.03513641844631535,154,10
open8,3,I-NTMCP l=0,0.9277899877899877,0.08178426230308879,112,10
open8,3,I-NTMCP l=1,0.9223443223443223,0.08923656328490295,129,10
open8,3,random,1.0,0.0,105,10
open8,3,shortest path,0.9873015873015873,0.02703077200940698,154,10
