grid,evader_condition,mean_l0,mean_l1,mean_delta,std_delta,n_seeds,se_delta,delta_ci_low,delta_ci_high
8by8,l0,0.406,0.48,0.07400000000000001,0.07183313998427189,10,0.022715633383201095,0.02261723728719913,0.12538276271280088
8by8,l1,0.426,0.46799999999999997,0.042,0.07146094504459528,10,0.02259793500890439,-0.009116528990141731,0.09311652899014174
8by8,mixed,0.634,0.624,-0.009999999999999998,0.07615773105863907,10,0.024083189157584586,-0.06447617387445632,0.044476173874456335
maze8,l0,0.632,0.718,0.08600000000000001,0.08896940797575062,10,0.02813459712801226,0.022359541296436275,0.14964045870356374
maze8,l1,0.596,0.72,0.124,0.07647802879839993,10,0.024184476196289405,0.06929471484399337,0.17870528515600664
maze8,mixed,0.708,0.786,0.07799999999999999,0.11525816432879905,10,0.03644783182089772,-0.004444995578870653,0.16044499557887063
open8,l0,0.788,0.944,0.15599999999999997,0.06239658110292046,10,0.019731531449264983,0.11136727586176258,0.20063272413823735
open8,l1,0.8,0.95,0.15,0.06342099196813482,10,0.020055478608655093,0.10463450738722217,0.1953654926127778
open8,mixed,0.8859999999999999,0.9719999999999999,0.086,0.03405877273185281,10,0.01077032961426901,0.06163751441252349,0.1103624855874765
