grid,pursuer_level,evader_condition,mean_win_rate,std_win_rate,min_win_rate,max_win_rate,mean_steps,n_seeds,se,ci_low,ci_high
8by8,0,l0,0.406,0.06467010300148147,0.3,0.48,7.906000000000001,10,0.02045048220023729,0.3597410092630633,0.45225899073693676
8by8,0,l1,0.426,0.05738757124441959,0.32,0.5,7.718000000000001,10,0.018147543451754934,0.38495025671213035,0.46704974328786963
8by8,0,mixed,0.634,0.04903513479582214,0.54,0.72,8.426,10,0.015506271132817351,0.5989248146975672,0.6690751853024328
8by8,1,l0,0.48,0.04714045207910319,0.42,0.56,7.65,10,0.014907119849998603,0.44628009489930315,0.5137199051006969
8by8,1,l1,0.46799999999999997,0.08066391179868894,0.36,0.62,8.022,10,0.02550816862627866,0.41030052256735766,0.5256994774326423
8by8,1,mixed,0.624,0.07988881162104132,0.5,0.8,10.09,10,0.025263060428661895,0.5668549573103668,0.6811450426896332
8by8,2,l0,0.51,0.06342099196813485,0.44,0.62,7.534000000000001,10,0.020055478608655104,0.4646345073872222,0.5553654926127779
8by8,2,l1,0.48,0.06036923425424945,0.34,0.54,7.7459999999999996,10,0.01909042808436847,0.4368174516731585,0.5231825483268414
8by8,2,mixed,0.626,0.07183313998427188,0.52,0.72,9.948,10,0.02271563338320109,0.5746172372871992,0.6773827627128008
8by8,3,l0,0.508,0.0582713956890991,0.38,0.6,7.392,10,0.018427033281447007,0.46631805071736687,0.5496819492826331
8by8,3,l1,0.49000000000000005,0.09809292646374776,0.36,0.66,7.781999999999999,10,0.031019706997684915,0.41983342277123675,0.5601665772287633
8by8,3,mixed,0.648,0.05181162460726789,0.58,0.74,9.978,10,0.016384274303259352,0.6109387715260274,0.6850612284739727
maze8,0,l0,0.632,0.08121302577515227,0.5,0.72,7.696,10,0.02568181371234428,0.5739077373826772,0.6900922626173228
maze8,0,l1,0.596,0.09834180754445744,0.46,0.72,7.706,10,0.031098410105841592,0.5256553963405863,0.6663446036594136
maze8,0,mixed,0.708,0.07955431408094028,0.58,0.8,8.645999999999999,10,0.025157283018817617,0.6510942258114345,0.7649057741885654
maze8,1,l0,0.718,0.06285786435372356,0.6,0.8,6.7219999999999995,10,0.01987740202116743,0.6730373166281193,0.7629626833718807
maze8,1,l1,0.72,0.06110100926607784,0.64,0.82,6.814,10,0.019321835661585907,0.6762940077334927,0.7637059922665073
maze8,1,mixed,0.786,0.0783439709089205,0.64,0.9,8.68,10,0.024774538901416066,0.7299599930049969,0.8420400069950031
maze8,2,l0,0.696,0.06586180818788516,0.58,0.8,6.8260000000000005,10,0.020827332469084407,0.648888573954931,0.7431114260450689
maze8,2,l1,0.752,0.09670114327716663,0.62,0.88,6.531999999999999,10,0.030579586509812566,0.682828975314804,0.821171024685196
maze8,2,mixed,0.788,0.06408327915038887,0.7,0.92,8.158,10,0.02026491220476088,0.7421607685928309,0.8338392314071692
maze8,3,l0,0.774,0.06257440016137233,0.66,0.86,6.736,10,0.019787762772874435,0.729240080607758,0.818759919392242
maze8,3,l1,0.756,0.06022181221672648,0.64,0.82,6.854000000000001,10,0.01904380914278093,0.7129229037190296,0.7990770962809705
maze8,3,mixed,0.784,0.03373096170846269,0.74,0.84,8.736,10,0.010666666666666658,0.7598720000000001,0.808128
open8,0,l0,0.788,0.04022160834399561,0.74,0.86,3.9659999999999997,10,0.012719189352225938,0.759229193685265,0.8167708063147351
open8,0,l1,0.8,0.04618802153517006,0.72,0.86,4.192,10,0.014605934866804428,0.7669613753312884,0.8330386246687117
open8,0,mixed,0.8859999999999999,0.04903513479582211,0.78,0.96,3.636,10,0.01550627113281734,0.8509248146975671,0.9210751853024327
open8,1,l0,0.944,0.037475918193480506,0.88,0.98,2.918,10,0.011850925889754112,0.9171932056373762,0.9708067943626237
open8,1,l1,0.95,0.034318767136623345,0.88,1.0,3.098,10,0.010852547064066473,0.9254515385410816,0.9745484614589183
open8,1,mixed,0.9719999999999999,0.025298221281347035,0.92,1.0,3.5340000000000003,10,0.008,0.9539039999999999,0.9900959999999999
open8,2,l0,0.9359999999999999,0.029514591494904874,0.9,0.98,3.15,10,0.009333333333333332,0.9148879999999999,0.957112
open8,2,l1,0.942,0.033266599866332375,0.88,0.98,3.08,10,0.010519822558706326,0.9182041613722063,0.9657958386277936
open8,2,mixed,0.966,0.03405877273185281,0.92,1.0,3.54,10,0.01077032961426901,0.9416375144125235,0.9903624855874764
open8,3,l0,0.942,0.04848825745591515,0.86,1.0,3.098,10,0.015333333333333332,0.9073159999999999,0.976684
open8,3,l1,0.9400000000000001,0.03399346342395188,0.9,0.98,2.8579999999999997,10,0.010749676997731394,0.9156842306311317,0.9643157693688684
open8,3,mixed,0.96,0.03126943839882284,0.92,1.0,3.7119999999999997,10,0.009888264649460876,0.9376327453629194,0.9823672546370805
