grid,pursuer_level,evader_condition,seed,win_rate,mean_steps
8by8,0,l0,100,0.46,7.2
8by8,0,l0,101,0.38,8.2
8by8,0,l0,102,0.34,8.6
8by8,0,l0,103,0.42,7.58
8by8,0,l0,104,0.46,7.86
8by8,0,l0,105,0.4,7.76
8by8,0,l0,106,0.48,7.52
8by8,0,l0,107,0.34,8.1
8by8,0,l0,108,0.48,7.28
8by8,0,l0,109,0.3,8.96
8by8,0,l1,100,0.42,8.04
8by8,0,l1,101,0.46,6.94
8by8,0,l1,102,0.5,7.28
8by8,0,l1,103,0.32,8.38
8by8,0,l1,104,0.36,8.34
8by8,0,l1,105,0.5,7.2
8by8,0,l1,106,0.4,8.08
8by8,0,l1,107,0.42,7.4
8by8,0,l1,108,0.46,7.34
8by8,0,l1,109,0.42,8.18
8by8,0,mixed,100,0.6,8.04
8by8,0,mixed,101,0.66,9.0
8by8,0,mixed,102,0.6,9.22
8by8,0,mixed,103,0.64,8.72
8by8,0,mixed,104,0.64,8.08
8by8,0,mixed,105,0.54,8.58
8by8,0,mixed,106,0.64,8.04
8by8,0,mixed,107,0.62,8.72
8by8,0,mixed,108,0.68,7.98
8by8,0,mixed,109,0.72,7.88
8by8,1,l0,100,0.46,8.02
8by8,1,l0,101,0.44,7.88
8by8,1,l0,102,0.52,7.34
8by8,1,l0,103,0.42,8.16
8by8,1,l0,104,0.56,6.98
8by8,1,l0,105,0.5,7.66
8by8,1,l0,106,0.54,6.98
8by8,1,l0,107,0.46,7.6
8by8,1,l0,108,0.44,8.12
8by8,1,l0,109,0.46,7.76
8by8,1,l1,100,0.36,8.68
8by8,1,l1,101,0.62,7.14
8by8,1,l1,102,0.5,7.78
8by8,1,l1,103,0.4,8.62
8by8,1,l1,104,0.36,8.54
8by8,1,l1,105,0.46,7.66
8by8,1,l1,106,0.5,8.52
8by8,1,l1,107,0.46,7.76
8by8,1,l1,108,0.48,8.08
8by8,1,l1,109,0.54,7.44
8by8,1,mixed,100,0.6,9.8
8by8,1,mixed,101,0.64,9.8
8by8,1,mixed,102,0.62,9.06
8by8,1,mixed,103,0.66,10.42
8by8,1,mixed,104,0.6,13.04
8by8,1,mixed,105,0.62,9.18
8by8,1,mixed,106,0.5,10.32
8by8,1,mixed,107,0.54,11.1
8by8,1,mixed,108,0.8,7.6
8by8,1,mixed,109,0.66,10.58
8by8,2,l0,100,0.5,7.68
8by8,2,l0,101,0.46,7.62
8by8,2,l0,102,0.44,8.12
8by8,2,l0,103,0.54,7.3
8by8,2,l0,104,0.56,7.36
8by8,2,l0,105,0.44,7.38
8by8,2,l0,106,0.54,7.26
8by8,2,l0,107,0.56,7.54
8by8,2,l0,108,0.62,7.26
8by8,2,l0,109,0.44,7.82
8by8,2,l1,100,0.48,7.84
8by8,2,l1,101,0.42,8.06
8by8,2,l1,102,0.54,7.2
8by8,2,l1,103,0.52,7.86
8by8,2,l1,104,0.48,7.62
8by8,2,l1,105,0.34,8.6
8by8,2,l1,106,0.54,7.36
8by8,2,l1,107,0.5,7.82
8by8,2,l1,108,0.48,7.5
8by8,2,l1,109,0.5,7.6
8by8,2,mixed,100,0.52,9.18
8by8,2,mixed,101,0.56,11.34
8by8,2,mixed,102,0.68,9.22
8by8,2,mixed,103,0.6,12.32
8by8,2,mixed,104,0.72,9.48
8by8,2,mixed,105,0.68,7.96
8by8,2,mixed,106,0.56,9.72
8by8,2,mixed,107,0.72,7.94
8by8,2,mixed,108,0.64,10.86
8by8,2,mixed,109,0.58,11.46
8by8,3,l0,100,0.6,6.98
8by8,3,l0,101,0.48,7.14
8by8,3,l0,102,0.52,7.1
8by8,3,l0,103,0.52,7.0
8by8,3,l0,104,0.54,7.16
8by8,3,l0,105,0.56,7.2
8by8,3,l0,106,0.48,7.5
8by8,3,l0,107,0.5,7.44
8by8,3,l0,108,0.5,8.12
8by8,3,l0,109,0.38,8.28
8by8,3,l1,100,0.56,6.84
8by8,3,l1,101,0.58,6.96
8by8,3,l1,102,0.44,8.22
8by8,3,l1,103,0.66,7.08
8by8,3,l1,104,0.36,8.7
8by8,3,l1,105,0.38,7.9
8by8,3,l1,106,0.48,7.68
8by8,3,l1,107,0.48,8.14
8by8,3,l1,108,0.56,7.72
8by8,3,l1,109,0.4,8.58
8by8,3,mixed,100,0.58,10.16
8by8,3,mixed,101,0.7,9.56
8by8,3,mixed,102,0.6,9.58
8by8,3,mixed,103,0.74,9.38
8by8,3,mixed,104,0.68,9.78
8by8,3,mixed,105,0.66,10.52
8by8,3,mixed,106,0.66,9.4
8by8,3,mixed,107,0.6,8.72
8by8,3,mixed,108,0.66,10.88
8by8,3,mixed,109,0.6,11.8
maze8,0,l0,100,0.56,8.46
maze8,0,l0,101,0.62,7.6
maze8,0,l0,102,0.5,8.04
maze8,0,l0,103,0.72,8.26
maze8,0,l0,104,0.7,7.4
maze8,0,l0,105,0.7,7.1
maze8,0,l0,106,0.68,7.08
maze8,0,l0,107,0.52,8.0
maze8,0,l0,108,0.7,7.52
maze8,0,l0,109,0.62,7.5
maze8,0,l1,100,0.72,7.32
maze8,0,l1,101,0.66,7.84
maze8,0,l1,102,0.56,7.74
maze8,0,l1,103,0.72,7.36
maze8,0,l1,104,0.52,8.46
maze8,0,l1,105,0.5,8.28
maze8,0,l1,106,0.66,7.22
maze8,0,l1,107,0.66,6.66
maze8,0,l1,108,0.5,8.06
maze8,0,l1,109,0.46,8.12
maze8,0,mixed,100,0.68,7.56
maze8,0,mixed,101,0.76,8.32
maze8,0,mixed,102,0.74,8.62
maze8,0,mixed,103,0.58,10.32
maze8,0,mixed,104,0.76,7.98
maze8,0,mixed,105,0.8,7.58
maze8,0,mixed,106,0.58,10.4
maze8,0,mixed,107,0.78,8.26
maze8,0,mixed,108,0.74,9.08
maze8,0,mixed,109,0.66,8.34
maze8,1,l0,100,0.6,7.46
maze8,1,l0,101,0.8,5.64
maze8,1,l0,102,0.68,7.22
maze8,1,l0,103,0.7,7.3
maze8,1,l0,104,0.76,5.7
maze8,1,l0,105,0.66,7.86
maze8,1,l0,106,0.7,7.08
maze8,1,l0,107,0.74,6.72
maze8,1,l0,108,0.8,5.74
maze8,1,l0,109,0.74,6.5
maze8,1,l1,100,0.72,7.28
maze8,1,l1,101,0.82,6.14
maze8,1,l1,102,0.66,6.74
maze8,1,l1,103,0.76,7.06
maze8,1,l1,104,0.64,6.94
maze8,1,l1,105,0.74,6.78
maze8,1,l1,106,0.8,6.36
maze8,1,l1,107,0.72,6.34
maze8,1,l1,108,0.66,7.1
maze8,1,l1,109,0.68,7.4
maze8,1,mixed,100,0.84,7.28
maze8,1,mixed,101,0.64,9.7
maze8,1,mixed,102,0.72,9.2
maze8,1,mixed,103,0.76,8.54
maze8,1,mixed,104,0.74,11.28
maze8,1,mixed,105,0.9,6.54
maze8,1,mixed,106,0.82,8.74
maze8,1,mixed,107,0.76,8.96
maze8,1,mixed,108,0.88,8.92
maze8,1,mixed,109,0.8,7.64
maze8,2,l0,100,0.66,6.86
maze8,2,l0,101,0.58,7.32
maze8,2,l0,102,0.68,6.52
maze8,2,l0,103,0.8,6.28
maze8,2,l0,104,0.72,7.16
maze8,2,l0,105,0.78,6.72
maze8,2,l0,106,0.72,7.18
maze8,2,l0,107,0.66,6.46
maze8,2,l0,108,0.64,7.2
maze8,2,l0,109,0.72,6.56
maze8,2,l1,100,0.62,7.26
maze8,2,l1,101,0.88,5.46
maze8,2,l1,102,0.66,7.52
maze8,2,l1,103,0.88,5.64
maze8,2,l1,104,0.84,6.24
maze8,2,l1,105,0.74,6.56
maze8,2,l1,106,0.76,6.48
maze8,2,l1,107,0.76,7.06
maze8,2,l1,108,0.76,6.04
maze8,2,l1,109,0.62,7.06
maze8,2,mixed,100,0.7,8.96
maze8,2,mixed,101,0.78,8.18
maze8,2,mixed,102,0.8,7.86
maze8,2,mixed,103,0.76,8.88
maze8,2,mixed,104,0.84,10.04
maze8,2,mixed,105,0.72,8.34
maze8,2,mixed,106,0.82,6.46
maze8,2,mixed,107,0.92,6.68
maze8,2,mixed,108,0.74,7.98
maze8,2,mixed,109,0.8,8.2
maze8,3,l0,100,0.82,5.5
maze8,3,l0,101,0.66,7.8
maze8,3,l0,102,0.86,6.14
maze8,3,l0,103,0.84,6.2
maze8,3,l0,104,0.72,6.66
maze8,3,l0,105,0.78,7.26
maze8,3,l0,106,0.76,6.6
maze8,3,l0,107,0.76,6.76
maze8,3,l0,108,0.72,6.9
maze8,3,l0,109,0.82,7.54
maze8,3,l1,100,0.76,6.68
maze8,3,l1,101,0.72,7.18
maze8,3,l1,102,0.76,7.06
maze8,3,l1,103,0.8,6.4
maze8,3,l1,104,0.76,6.98
maze8,3,l1,105,0.82,6.88
maze8,3,l1,106,0.82,6.5
maze8,3,l1,107,0.8,6.84
maze8,3,l1,108,0.64,6.9
maze8,3,l1,109,0.68,7.12
maze8,3,mixed,100,0.74,7.72
maze8,3,mixed,101,0.76,10.1
maze8,3,mixed,102,0.82,7.86
maze8,3,mixed,103,0.76,10.44
maze8,3,mixed,104,0.84,9.52
maze8,3,mixed,105,0.76,8.28
maze8,3,mixed,106,0.76,8.46
maze8,3,mixed,107,0.8,9.1
maze8,3,mixed,108,0.82,8.2
maze8,3,mixed,109,0.78,7.68
open8,0,l0,100,0.78,4.26
open8,0,l0,101,0.86,3.5
open8,0,l0,102,0.74,3.98
open8,0,l0,103,0.8,4.38
open8,0,l0,104,0.82,4.04
open8,0,l0,105,0.74,4.16
open8,0,l0,106,0.74,4.4
open8,0,l0,107,0.78,3.52
open8,0,l0,108,0.82,4.04
open8,0,l0,109,0.8,3.38
open8,0,l1,100,0.74,4.5
open8,0,l1,101,0.72,4.26
open8,0,l1,102,0.8,4.24
open8,0,l1,103,0.76,4.46
open8,0,l1,104,0.82,3.8
open8,0,l1,105,0.8,4.66
open8,0,l1,106,0.86,3.66
open8,0,l1,107,0.84,4.04
open8,0,l1,108,0.84,4.1
open8,0,l1,109,0.82,4.2
open8,0,mixed,100,0.9,3.78
open8,0,mixed,101,0.86,3.94
open8,0,mixed,102,0.88,3.48
open8,0,mixed,103,0.96,3.38
open8,0,mixed,104,0.86,4.18
open8,0,mixed,105,0.78,3.8
open8,0,mixed,106,0.9,3.74
open8,0,mixed,107,0.88,2.98
open8,0,mixed,108,0.94,3.46
open8,0,mixed,109,0.9,3.62
open8,1,l0,100,0.96,2.92
open8,1,l0,101,0.9,3.12
open8,1,l0,102,0.9,2.58
open8,1,l0,103,0.88,3.12
open8,1,l0,104,0.96,3.42
open8,1,l0,105,0.96,3.14
open8,1,l0,106,0.98,2.22
open8,1,l0,107,0.98,2.52
open8,1,l0,108,0.94,3.2
open8,1,l0,109,0.98,2.94
open8,1,l1,100,1.0,2.64
open8,1,l1,101,0.96,3.3
open8,1,l1,102,0.92,3.58
open8,1,l1,103,0.94,3.04
open8,1,l1,104,0.94,2.84
open8,1,l1,105,0.98,2.92
open8,1,l1,106,0.98,3.44
open8,1,l1,107,0.94,3.06
open8,1,l1,108,0.96,2.88
open8,1,l1,109,0.88,3.28
open8,1,mixed,100,0.96,2.88
open8,1,mixed,101,0.98,3.46
open8,1,mixed,102,0.98,3.16
open8,1,mixed,103,1.0,3.98
open8,1,mixed,104,0.96,3.48
open8,1,mixed,105,0.92,3.96
open8,1,mixed,106,0.96,2.9
open8,1,mixed,107,1.0,4.36
open8,1,mixed,108,1.0,3.5
open8,1,mixed,109,0.96,3.66
open8,2,l0,100,0.9,3.12
open8,2,l0,101,0.92,3.3
open8,2,l0,102,0.9,3.2
open8,2,l0,103,0.92,3.1
open8,2,l0,104,0.92,3.36
open8,2,l0,105,0.98,2.98
open8,2,l0,106,0.94,2.92
open8,2,l0,107,0.96,3.22
open8,2,l0,108,0.94,3.34
open8,2,l0,109,0.98,2.96
open8,2,l1,100,0.96,3.6
open8,2,l1,101,0.96,2.86
open8,2,l1,102,0.96,2.74
open8,2,l1,103,0.94,2.86
open8,2,l1,104,0.9,3.3
open8,2,l1,105,0.98,2.8
open8,2,l1,106,0.94,2.52
open8,2,l1,107,0.88,3.5
open8,2,l1,108,0.92,3.5
open8,2,l1,109,0.98,3.12
open8,2,mixed,100,1.0,3.6
open8,2,mixed,101,0.96,3.52
open8,2,mixed,102,0.92,3.82
open8,2,mixed,103,0.98,3.08
open8,2,mixed,104,1.0,3.48
open8,2,mixed,105,1.0,3.58
open8,2,mixed,106,0.94,3.2
open8,2,mixed,107,0.94,3.52
open8,2,mixed,108,0.92,3.72
open8,2,mixed,109,1.0,3.88
open8,3,l0,100,0.96,2.4
open8,3,l0,101,0.96,3.22
open8,3,l0,102,0.86,3.28
open8,3,l0,103,1.0,2.8
open8,3,l0,104,0.98,3.36
open8,3,l0,105,0.98,2.96
open8,3,l0,106,0.96,3.1
open8,3,l0,107,0.92,3.3
open8,3,l0,108,0.86,3.54
open8,3,l0,109,0.94,3.02
open8,3,l1,100,0.94,2.9
open8,3,l1,101,0.94,2.98
open8,3,l1,102,0.98,2.58
open8,3,l1,103,0.9,3.36
open8,3,l1,104,0.9,3.2
open8,3,l1,105,0.92,3.22
open8,3,l1,106,0.98,2.36
open8,3,l1,107,0.9,3.32
open8,3,l1,108,0.96,2.42
open8,3,l1,109,0.98,2.24
open8,3,mixed,100,0.94,4.18
open8,3,mixed,101,1.0,2.9
open8,3,mixed,102,0.98,3.48
open8,3,mixed,103,0.92,4.94
open8,3,mixed,104,0.98,3.72
open8,3,mixed,105,0.98,3.26
open8,3,mixed,106,0.92,3.52
open8,3,mixed,107,0.92,3.88
open8,3,mixed,108,0.98,3.4
open8,3,mixed,109,0.98,3.84
